RunTime,RandomWalkLength,RandomWalkStart,Improvement
2591,2,6,best
3294,1,7,best
5569,2,16,best
6272,1,17,best
6148,1,6,best
7259,2,5,best
7557,7,10,best
8016,1,8,best
11063,1,13,best
8414,2,6,first
11116,5,11,best
11903,4,11,best
11039,4,16,best
12847,3,6,best
5472,1,8,first
14095,3,14,best
14651,1,16,best
8950,1,17,first
11064,2,16,first
16780,3,13,best
20271,2,4,best
20272,2,11,best
14762,1,6,first
20820,3,15,best
17312,2,5,first
24809,2,10,best
10412,2,17,best
20854,4,15,best
12167,3,17,best
30561,6,10,best
14632,6,16,best
31289,2,15,best
31363,1,11,best
31728,5,9,best
32691,4,7,best
33828,1,14,best
21136,7,9,best
37879,2,9,best
37722,6,11,best
31859,6,5,best
39951,3,10,best
13794,9,10,best
37653,1,7,first
14891,1,11,first
47185,7,14,best
48438,6,14,best
38365,4,16,first
27988,2,17,first
54237,1,4,best
23438,9,11,best
56566,1,5,best
25885,6,10,first
59630,3,16,best
N/E,2,3,best
N/E,1,10,best
N/E,3,5,best
N/E,2,1,best
N/E,6,1,best
N/E,2,8,best
N/E,3,11,best
N/E,5,5,best
N/E,4,12,best
N/E,7,3,best
N/E,2,2,best
N/E,4,3,best
N/E,4,14,best
N/E,1,15,best
N/E,4,5,best
N/E,3,1,best
N/E,3,7,best
N/E,2,12,best
N/E,1,18,best
N/E,5,2,best
N/E,3,4,best
N/E,2,14,best
N/E,9,3,best
N/E,1,12,best
N/E,1,2,best
N/E,3,2,best
N/E,4,1,best
N/E,1,1,best
N/E,3,3,best
N/E,5,1,best
N/E,5,3,best
N/E,2,7,best
N/E,6,4,best
N/E,5,4,best
N/E,8,3,best
N/E,6,3,best
N/E,4,6,best
N/E,4,9,best
N/E,2,13,best
24011,2,9,first
N/E,3,9,best
N/E,4,4,best
N/E,4,10,best
N/E,6,9,best
N/E,5,10,best
N/E,1,3,best
N/E,4,2,best
N/E,7,4,best
N/E,5,14,best
N/E,3,8,best
N/E,3,12,best
N/E,7,11,best
N/E,1,9,best
52379,3,6,first
N/E,5,6,best
N/E,5,12,best
N/E,6,6,best
N/E,5,7,best
N/E,7,10,first
N/E,10,3,best
N/E,8,10,best
N/E,8,14,best
N/E,5,16,best
N/E,4,11,first
N/E,1,13,first
N/E,5,11,first
N/E,8,6,best
N/E,1,19,best
N/E,4,8,best
N/E,7,1,best
N/E,3,14,first
N/E,2,18,best
N/E,1,16,first
N/E,7,6,best
N/E,4,13,best
N/E,8,4,best
N/E,5,8,best
57990,3,15,first
N/E,3,13,first
N/E,8,11,best
N/E,2,4,first
N/E,2,11,first
N/E,7,16,best
N/E,9,6,best
N/E,9,14,best
51311,2,15,first
N/E,6,2,best
10651,8,13,best
N/E,6,12,best
59771,1,20,best
N/E,6,7,best
N/E,5,15,best
N/E,7,5,best
45859,3,10,first
N/E,11,3,best
N/E,8,5,best
56634,6,16,first
N/E,4,15,first
N/E,3,18,best
N/E,2,19,best
28512,3,7,first
N/E,8,9,best
N/E,8,1,best
16002,11,9,best
N/E,4,17,best
59333,8,16,best
N/E,6,8,best
N/E,10,6,best
N/E,2,10,first
N/E,9,4,best
8718,5,15,first
N/E,5,13,best
N/E,7,12,best
27521,5,18,best
N/E,3,17,first
N/E,7,2,best
N/E,4,7,first
32802,1,3,first
48455,9,9,best
17861,8,11,first
N/E,10,14,best
N/E,2,20,best
N/E,6,11,first
43151,11,10,best
N/E,7,9,first
N/E,5,9,first
N/E,7,7,best
N/E,6,15,best
N/E,8,2,best
N/E,6,5,first
N/E,9,10,first
26518,2,18,first
N/E,1,14,first
N/E,8,7,best
N/E,1,21,best
N/E,9,5,best
N/E,10,10,best
29045,11,16,best
N/E,3,19,best
N/E,4,18,best
N/E,6,13,best
2260,11,16,first
N/E,3,20,best
N/E,10,11,best
N/E,11,6,best
18155,11,9,first
N/E,7,15,best
N/E,12,3,best
N/E,7,14,first
N/E,9,1,best
N/E,9,16,best
N/E,10,4,best
N/E,7,13,best
N/E,7,8,best
N/E,5,17,best
N/E,10,16,best
N/E,6,17,best
N/E,6,14,first
N/E,11,11,best
N/E,1,4,first
N/E,9,7,best
N/E,9,11,first
N/E,1,5,first
N/E,11,14,best
N/E,5,5,first
N/E,4,14,first
N/E,1,18,first
N/E,3,16,first
N/E,1,2,first
N/E,5,1,first
N/E,2,3,first
N/E,1,1,first
N/E,1,12,first
N/E,1,10,first
N/E,3,1,first
N/E,5,4,first
N/E,6,1,first
N/E,4,12,first
N/E,4,9,first
N/E,4,6,first
N/E,2,2,first
N/E,2,1,first
N/E,8,12,best
N/E,2,8,first
N/E,3,4,first
N/E,2,7,first
N/E,9,3,first
N/E,2,12,first
N/E,3,9,first
N/E,4,4,first
N/E,3,5,first
N/E,3,11,first
N/E,2,14,first
N/E,1,15,first
N/E,2,13,first
N/E,5,2,first
N/E,7,4,first
N/E,5,10,first
N/E,4,10,first
N/E,10,9,best
N/E,8,3,first
N/E,2,21,best
N/E,5,14,first
N/E,3,2,first
N/E,4,2,first
N/E,1,22,best
N/E,4,1,first
N/E,5,3,first
N/E,6,9,first
N/E,3,3,first
N/E,7,3,first
31220,5,13,first
N/E,3,12,first
N/E,4,3,first
N/E,12,6,best
N/E,13,3,best
N/E,6,6,first
N/E,5,12,first
N/E,5,6,first
N/E,3,8,first
N/E,6,3,first
N/E,12,10,best
N/E,10,1,best
N/E,4,19,best
N/E,13,10,best
N/E,6,4,first
N/E,10,5,best
N/E,7,11,first
N/E,14,10,best
N/E,10,7,best
N/E,5,7,first
N/E,10,3,first
N/E,4,5,first
N/E,1,9,first
N/E,4,20,best
N/E,8,10,first
N/E,8,15,best
N/E,8,14,first
N/E,12,11,best
N/E,1,19,first
N/E,5,16,first
N/E,7,1,first
N/E,12,14,best
N/E,9,2,best
N/E,9,13,best
N/E,5,8,first
N/E,13,11,best
N/E,4,8,first
N/E,9,15,best
N/E,11,4,best
N/E,13,6,best
N/E,12,4,best
N/E,7,6,first
N/E,7,16,first
N/E,8,8,best
N/E,14,11,best
N/E,9,6,first
N/E,12,16,best
N/E,6,7,first
N/E,9,14,first
N/E,4,13,first
N/E,6,2,first
N/E,8,13,first
N/E,2,22,best
N/E,8,6,first
N/E,1,20,first
N/E,1,23,best
N/E,13,14,best
N/E,15,11,best
N/E,7,5,first
N/E,3,21,best
N/E,11,7,best
23354,20,14,best
N/E,8,5,first
N/E,10,15,best
N/E,11,5,best
N/E,15,10,best
N/E,6,12,first
N/E,2,19,first
N/E,10,2,best
N/E,10,13,best
N/E,13,16,best
N/E,1,24,best
N/E,11,15,best
N/E,11,1,best
N/E,9,4,first
N/E,13,15,best
N/E,9,12,best
N/E,8,16,first
N/E,3,18,first
N/E,12,15,best
N/E,12,7,best
N/E,7,12,first
N/E,8,17,best
N/E,7,17,best
N/E,6,18,best
N/E,13,7,best
44180,7,13,first
N/E,7,2,first
N/E,14,3,best
N/E,6,8,first
N/E,9,9,first
N/E,5,18,first
N/E,10,6,first
N/E,8,1,first
N/E,6,19,best
N/E,5,20,best
N/E,16,11,best
N/E,8,4,first
54793,1,21,first
N/E,2,20,first
N/E,15,3,best
N/E,4,17,first
N/E,11,3,first
N/E,11,13,best
N/E,5,19,best
N/E,6,15,first
45784,17,14,best
N/E,7,7,first
N/E,16,10,best
N/E,17,11,best
N/E,8,9,first
N/E,17,10,best
N/E,14,9,best
N/E,12,5,best
N/E,10,14,first
N/E,7,18,best
N/E,14,14,best
N/E,14,6,best
N/E,12,9,best
N/E,13,9,best
N/E,8,2,first
N/E,18,10,best
N/E,9,5,first
N/E,11,10,first
N/E,13,4,best
N/E,3,19,first
N/E,9,17,best
N/E,8,7,first
4780,16,10,first
N/E,10,10,first
N/E,10,11,first
52619,6,17,first
37364,14,10,first
N/E,15,9,best
N/E,7,15,first
N/E,11,6,first
N/E,14,16,best
N/E,6,13,first
N/E,15,14,best
N/E,12,3,first
N/E,10,12,best
47211,14,15,best
N/E,10,4,first
N/E,9,1,first
N/E,9,16,first
N/E,4,18,first
N/E,3,20,first
N/E,16,14,best
N/E,9,8,best
N/E,2,23,best
N/E,5,17,first
N/E,11,11,first
N/E,9,7,first
41613,8,19,best
N/E,10,16,first
N/E,14,7,best
N/E,3,22,best
N/E,14,4,best
N/E,15,16,best
N/E,13,5,best
56340,8,12,first
N/E,7,8,first
N/E,14,5,best
N/E,19,11,best
N/E,18,11,best
52659,4,19,first
N/E,15,5,best
N/E,16,3,best
N/E,18,14,best
N/E,2,24,best
N/E,11,14,first
N/E,11,2,best
N/E,12,1,best
N/E,15,1,best
N/E,15,4,best
16716,11,19,best
N/E,17,9,best
N/E,17,4,best
N/E,13,12,best
N/E,12,13,best
N/E,16,4,best
N/E,11,12,best
N/E,15,7,best
N/E,16,5,best
N/E,16,1,best
N/E,13,1,best
N/E,20,10,best
N/E,14,2,best
N/E,13,2,best
N/E,12,2,best
N/E,1,25,best
N/E,2,21,first
N/E,16,16,best
N/E,14,1,best
N/E,17,1,best
N/E,16,9,best
N/E,20,3,best
N/E,22,3,best
52099,17,16,best
N/E,13,13,best
N/E,19,14,best
N/E,4,21,best
N/E,20,11,best
N/E,18,4,best
N/E,15,2,best
N/E,18,3,best
N/E,16,2,best
N/E,12,12,best
N/E,21,10,best
N/E,17,3,best
N/E,11,8,best
N/E,16,6,best
N/E,12,10,first
N/E,23,3,best
N/E,10,9,first
N/E,10,1,first
N/E,12,8,best
N/E,10,8,best
N/E,1,22,first
N/E,10,5,first
N/E,19,4,best
32392,6,19,first
N/E,17,6,best
N/E,15,6,best
N/E,7,19,best
N/E,13,3,first
N/E,15,12,best
N/E,24,3,best
N/E,19,3,best
N/E,17,5,best
N/E,22,10,best
N/E,21,3,best
N/E,9,18,best
N/E,21,14,best
N/E,15,15,best
N/E,12,11,first
N/E,21,11,best
N/E,13,8,best
N/E,19,10,best
N/E,19,1,best
N/E,16,7,best
N/E,23,10,best
N/E,12,14,first
50045,16,13,best
N/E,6,20,best
N/E,10,7,first
N/E,13,10,first
N/E,20,9,best
N/E,25,3,best
N/E,1,26,best
N/E,18,1,best
N/E,9,2,first
N/E,12,6,first
N/E,18,9,best
N/E,14,13,best
N/E,20,4,best
N/E,13,11,first
N/E,13,6,first
N/E,15,8,best
N/E,14,12,best
37031,9,17,first
N/E,22,11,best
N/E,14,11,first
N/E,19,9,best
N/E,4,20,first
N/E,20,6,best
N/E,18,16,best
N/E,9,13,first
N/E,19,6,best
N/E,23,14,best
N/E,15,13,best
N/E,8,8,first
N/E,17,2,best
N/E,22,14,best
N/E,9,15,first
N/E,19,16,best
N/E,7,20,best
N/E,10,17,best
N/E,1,23,first
50263,6,18,first
N/E,11,4,first
N/E,15,11,first
N/E,11,7,first
N/E,3,21,first
N/E,19,5,best
N/E,20,14,first
N/E,12,16,first
N/E,13,14,first
N/E,11,5,first
N/E,8,15,first
2556,5,23,best
N/E,3,24,best
N/E,17,7,best
N/E,4,22,best
N/E,18,6,best
N/E,10,2,first
N/E,9,19,best
N/E,18,5,best
N/E,14,8,best
N/E,10,15,first
N/E,18,7,best
N/E,13,16,first
N/E,3,23,best
N/E,17,12,best
N/E,16,8,best
N/E,20,5,best
N/E,16,12,best
N/E,2,22,first
N/E,15,10,first
N/E,21,6,best
N/E,11,15,first
44888,14,16,first
N/E,12,4,first
N/E,2,25,best
N/E,12,7,first
N/E,12,15,first
N/E,26,3,best
N/E,21,4,best
N/E,9,12,first
N/E,7,17,first
N/E,13,7,first
N/E,21,9,best
N/E,11,18,best
N/E,20,1,best
N/E,17,8,best
N/E,5,21,best
N/E,17,13,best
N/E,10,13,first
N/E,5,20,first
N/E,14,3,first
N/E,20,16,best
N/E,6,21,best
N/E,8,20,best
N/E,22,4,best
N/E,8,17,first
N/E,16,11,first
N/E,10,18,best
N/E,19,2,best
N/E,8,18,best
N/E,18,13,best
N/E,11,17,best
N/E,21,1,best
N/E,15,3,first
N/E,18,12,best
N/E,22,6,best
N/E,17,14,first
N/E,17,11,first
N/E,12,5,first
N/E,11,13,first
58646,7,18,first
N/E,14,9,first
N/E,5,19,first
N/E,14,6,first
N/E,16,15,best
N/E,14,14,first
N/E,12,9,first
N/E,12,18,best
N/E,18,10,first
N/E,22,9,best
N/E,27,3,best
N/E,17,15,best
N/E,18,2,best
N/E,20,2,best
N/E,24,10,best
N/E,13,4,first
20226,7,20,first
N/E,1,24,first
N/E,13,15,first
N/E,19,7,best
N/E,13,9,first
N/E,25,10,best
51912,24,11,best
N/E,11,1,first
N/E,23,11,best
N/E,12,17,best
N/E,10,19,best
5258,26,9,best
N/E,20,7,best
N/E,27,10,best
N/E,24,14,best
N/E,23,6,best
N/E,28,10,best
N/E,15,9,first
N/E,1,27,best
N/E,19,13,best
N/E,14,15,first
N/E,2,26,best
N/E,22,1,best
N/E,26,10,best
N/E,2,23,first
25747,28,14,best
15335,20,16,first
N/E,18,15,best
N/E,9,20,best
N/E,10,20,best
26956,9,21,best
N/E,24,4,best
N/E,15,14,first
N/E,23,4,best
N/E,14,17,best
N/E,10,12,first
58736,3,22,first
N/E,21,5,best
N/E,23,9,best
N/E,22,16,best
N/E,21,7,best
N/E,8,19,first
N/E,14,7,first
N/E,14,4,first
N/E,17,10,first
N/E,25,11,best
N/E,7,21,best
18110,18,13,first
N/E,13,5,first
N/E,15,17,best
N/E,20,12,best
N/E,13,18,best
N/E,21,16,best
N/E,18,8,best
N/E,15,16,first
N/E,28,3,best
N/E,25,14,best
N/E,14,5,first
N/E,16,3,first
N/E,26,14,best
N/E,2,24,first
N/E,19,11,first
N/E,24,6,best
N/E,15,1,first
N/E,16,14,first
N/E,17,4,first
N/E,12,19,best
N/E,11,2,first
N/E,19,12,best
N/E,16,5,first
N/E,18,11,first
N/E,16,4,first
N/E,11,19,first
N/E,23,16,best
N/E,16,1,first
N/E,4,23,best
N/E,13,12,first
N/E,9,8,first
N/E,20,10,first
N/E,1,25,first
N/E,12,1,first
N/E,8,21,best
N/E,17,9,first
N/E,17,1,first
N/E,14,2,first
N/E,13,2,first
N/E,20,3,first
N/E,15,4,first
N/E,16,16,first
N/E,16,9,first
N/E,17,16,first
N/E,18,14,first
N/E,19,14,first
N/E,4,21,first
N/E,22,7,best
N/E,11,8,first
16219,2,26,first
42173,22,14,first
N/E,23,3,first
39077,5,23,first
N/E,13,13,first
N/E,24,9,best
N/E,13,1,first
45980,22,11,first
N/E,19,8,best
N/E,22,5,best
N/E,23,1,best
N/E,12,12,first
N/E,5,22,best
N/E,11,12,first
N/E,29,10,best
N/E,13,19,best
N/E,15,7,first
N/E,4,24,best
N/E,16,6,first
N/E,15,12,first
N/E,14,1,first
N/E,18,3,first
N/E,7,19,first
N/E,19,4,first
N/E,12,2,first
N/E,24,3,first
N/E,15,2,first
N/E,17,5,first
N/E,22,10,first
N/E,18,4,first
N/E,15,6,first
N/E,15,5,first
N/E,23,5,best
N/E,13,8,first
N/E,10,8,first
N/E,21,14,first
N/E,21,11,first
N/E,6,22,best
N/E,17,3,first
N/E,16,2,first
N/E,21,2,best
N/E,30,3,best
N/E,19,1,first
N/E,26,11,best
22105,28,14,first
N/E,23,10,first
N/E,19,10,first
N/E,16,13,first
N/E,17,6,first
N/E,3,25,best
N/E,21,10,first
N/E,6,20,first
N/E,22,3,first
N/E,29,3,best
N/E,12,13,first
N/E,12,8,first
N/E,21,3,first
N/E,24,1,best
N/E,20,9,first
N/E,1,26,first
N/E,15,15,first
N/E,19,3,first
N/E,20,13,best
N/E,20,11,first
N/E,27,14,best
N/E,14,13,first
N/E,22,2,best
N/E,19,15,best
N/E,25,3,first
N/E,20,4,first
N/E,23,7,best
N/E,15,8,first
N/E,14,12,first
N/E,9,18,first
N/E,27,11,best
N/E,18,9,first
N/E,30,10,best
N/E,16,7,first
N/E,16,17,best
N/E,19,9,first
N/E,20,6,first
N/E,18,1,first
N/E,12,20,best
N/E,26,6,best
N/E,14,19,best
N/E,19,6,first
N/E,1,28,best
N/E,28,11,best
N/E,23,14,first
N/E,15,13,first
38973,19,7,first
N/E,14,18,best
N/E,15,18,best
N/E,18,16,first
N/E,19,16,first
N/E,21,13,best
N/E,19,5,first
N/E,10,17,first
44319,12,18,first
N/E,24,7,best
N/E,25,4,best
N/E,31,10,best
N/E,2,27,best
N/E,3,24,first
N/E,17,7,first
22858,33,16,best
N/E,17,2,first
N/E,3,26,best
N/E,27,6,best
N/E,23,2,best
N/E,9,19,first
N/E,20,15,best
45579,5,24,best
N/E,18,6,first
N/E,21,15,best
N/E,29,14,best
N/E,4,22,first
N/E,20,8,best
N/E,7,22,best
N/E,24,5,best
N/E,25,9,best
N/E,24,16,best
N/E,20,5,first
N/E,32,10,best
N/E,25,16,best
N/E,29,11,best
N/E,23,15,best
N/E,22,13,best
N/E,18,7,first
N/E,11,20,best
N/E,18,5,first
N/E,27,16,best
N/E,26,4,best
N/E,25,7,best
N/E,14,8,first
N/E,21,12,best
N/E,21,9,first
N/E,24,15,best
N/E,21,4,first
N/E,26,7,best
N/E,20,1,first
N/E,31,3,best
34645,17,19,best
N/E,11,18,first
N/E,18,17,best
N/E,17,8,first
N/E,8,20,first
N/E,2,25,first
N/E,17,13,first
N/E,3,23,first
N/E,21,6,first
N/E,16,12,first
N/E,13,20,best
N/E,17,17,best
N/E,27,4,best
N/E,19,2,first
N/E,30,11,best
N/E,11,17,first
N/E,5,21,first
N/E,26,3,first
N/E,30,14,best
N/E,22,15,best
N/E,25,6,best
N/E,8,18,first
N/E,25,5,best
N/E,23,13,best
30481,36,10,best
N/E,22,4,first
N/E,17,12,first
N/E,16,15,first
N/E,19,17,best
N/E,28,6,best
N/E,31,14,best
N/E,16,18,best
N/E,33,10,best
N/E,22,9,first
N/E,21,1,first
N/E,15,19,best
N/E,31,11,best
N/E,20,2,first
N/E,18,12,first
N/E,29,4,best
N/E,14,20,best
N/E,32,11,best
N/E,22,6,first
N/E,28,9,best
N/E,25,10,first
N/E,6,21,first
N/E,25,1,best
N/E,23,11,first
N/E,27,3,first
N/E,16,8,first
N/E,28,4,best
N/E,12,17,first
N/E,24,11,first
N/E,29,16,best
N/E,24,10,first
N/E,18,2,first
N/E,10,21,best
N/E,17,15,first
N/E,25,15,best
N/E,24,13,best
N/E,32,3,best
N/E,32,14,best
N/E,27,9,best
N/E,23,6,first
N/E,26,9,first
N/E,10,18,first
N/E,24,14,first
N/E,26,15,best
N/E,10,19,first
N/E,20,7,first
N/E,1,27,first
N/E,6,24,best
N/E,22,1,first
N/E,9,21,first
N/E,27,10,first
N/E,14,17,first
N/E,33,14,best
N/E,23,4,first
N/E,26,5,best
N/E,10,20,first
N/E,9,20,first
N/E,4,25,best
N/E,21,8,best
N/E,18,15,first
N/E,28,10,first
N/E,21,7,first
N/E,9,22,best
N/E,6,23,best
N/E,21,5,first
N/E,7,23,best
N/E,30,4,best
N/E,30,16,best
N/E,8,22,best
N/E,16,19,best
N/E,25,13,best
N/E,23,9,first
N/E,22,16,first
N/E,34,10,best
N/E,15,17,first
N/E,7,21,first
32140,19,18,best
N/E,23,12,best
51386,5,22,first
N/E,28,5,best
N/E,18,8,first
N/E,21,16,first
N/E,33,11,best
29332,21,15,first
N/E,24,6,first
N/E,24,4,first
N/E,31,16,best
N/E,33,3,best
N/E,34,11,best
N/E,20,12,first
N/E,19,12,first
N/E,27,1,best
N/E,31,4,best
N/E,32,4,best
N/E,34,14,best
N/E,34,3,best
N/E,28,1,best
N/E,7,24,best
N/E,26,14,first
N/E,25,14,first
N/E,26,10,first
N/E,25,2,best
N/E,24,12,best
N/E,29,1,best
N/E,5,25,best
N/E,35,3,best
N/E,30,1,best
N/E,27,2,best
N/E,27,7,best
N/E,13,18,first
N/E,28,3,first
N/E,27,5,best
N/E,23,16,first
N/E,4,23,first
N/E,22,8,best
N/E,26,1,best
N/E,8,21,first
N/E,19,13,first
N/E,29,9,best
N/E,12,19,first
N/E,36,14,best
N/E,22,12,best
N/E,35,14,best
N/E,26,2,best
N/E,31,1,best
N/E,24,9,first
N/E,22,5,first
N/E,23,1,first
N/E,33,4,best
N/E,31,9,best
N/E,8,23,best
N/E,29,7,best
N/E,11,21,best
44217,14,18,first
N/E,19,8,first
N/E,37,3,best
N/E,29,6,best
N/E,28,2,best
N/E,30,5,best
N/E,32,1,best
N/E,29,2,best
N/E,38,3,best
N/E,29,5,best
N/E,28,7,best
N/E,18,19,best
N/E,26,12,best
N/E,30,6,best
14044,8,22,first
N/E,23,8,best
N/E,25,12,best
N/E,35,4,best
N/E,34,16,best
N/E,32,16,best
N/E,35,10,best
N/E,22,7,first
N/E,37,14,best
N/E,25,8,best
N/E,27,12,best
722,35,10,first
N/E,34,4,best
N/E,36,11,best
N/E,4,24,first
N/E,39,3,best
N/E,21,2,first
N/E,37,10,best
N/E,29,3,first
N/E,29,10,first
N/E,31,6,best
58488,5,26,best
N/E,24,2,best
4822,30,6,first
N/E,35,11,best
N/E,39,14,best
N/E,6,22,first
N/E,13,19,first
N/E,31,5,best
N/E,3,25,first
N/E,20,13,first
N/E,38,10,best
N/E,28,15,best
N/E,30,9,best
N/E,26,13,best
N/E,28,12,best
N/E,27,11,first
N/E,33,9,best
N/E,32,9,best
N/E,39,10,best
N/E,19,15,first
N/E,30,13,best
N/E,26,8,best
N/E,27,15,best
N/E,30,3,first
N/E,29,13,best
N/E,30,10,first
N/E,24,1,first
N/E,36,4,best
N/E,30,7,best
N/E,30,2,best
N/E,16,20,best
N/E,4,26,best
N/E,26,11,first
N/E,16,17,first
N/E,17,18,best
N/E,18,18,best
N/E,34,9,best
N/E,37,11,best
N/E,36,3,best
N/E,15,20,best
N/E,22,2,first
N/E,25,11,first
N/E,33,1,best
N/E,32,6,best
N/E,14,19,first
N/E,34,1,best
N/E,34,6,best
N/E,20,19,best
8194,5,26,first
N/E,40,10,best
N/E,12,20,first
N/E,15,18,first
N/E,31,13,best
N/E,27,13,best
N/E,20,17,best
N/E,1,28,first
N/E,21,13,first
N/E,35,16,best
N/E,32,5,best
N/E,12,21,best
N/E,27,8,best
N/E,1,29,best
N/E,2,27,first
N/E,31,7,best
N/E,27,14,first
N/E,24,7,first
N/E,32,7,best
N/E,31,10,first
N/E,8,24,best
N/E,19,19,best
N/E,25,4,first
N/E,26,6,first
N/E,38,14,best
N/E,36,16,best
N/E,23,5,first
N/E,24,8,best
N/E,33,16,first
N/E,27,6,first
N/E,5,24,first
46770,22,17,best
N/E,20,15,first
N/E,22,19,best
N/E,3,26,first
N/E,29,14,first
N/E,20,8,first
N/E,23,7,first
N/E,28,11,first
N/E,29,11,first
N/E,22,13,first
N/E,32,10,first
N/E,27,16,first
N/E,24,5,first
N/E,33,7,best
N/E,31,2,best
N/E,21,19,best
N/E,25,7,first
N/E,33,5,best
N/E,7,22,first
N/E,25,9,first
N/E,24,16,first
N/E,2,28,best
N/E,6,26,best
N/E,3,27,best
N/E,25,16,first
N/E,11,20,first
N/E,10,22,best
N/E,21,12,first
N/E,35,6,best
N/E,35,9,best
N/E,35,1,best
N/E,37,4,best
N/E,23,2,first
N/E,20,18,best
N/E,26,4,first
N/E,36,6,best
N/E,21,17,best
N/E,24,15,first
47362,12,22,best
N/E,37,6,best
N/E,29,12,best
N/E,30,8,best
N/E,22,15,first
N/E,23,15,first
N/E,30,14,first
N/E,21,18,best
N/E,13,21,best
N/E,36,10,first
N/E,29,15,best
N/E,32,2,best
N/E,9,23,best
N/E,13,20,first
N/E,30,15,best
N/E,32,13,best
N/E,6,25,best
N/E,30,12,best
N/E,28,6,first
N/E,17,20,best
N/E,38,9,best
N/E,16,18,first
N/E,17,19,first
N/E,33,10,first
13319,9,26,best
N/E,17,17,first
N/E,36,9,best
N/E,19,17,first
N/E,29,4,first
N/E,33,13,best
N/E,30,11,first
N/E,38,4,best
N/E,29,8,best
N/E,39,4,best
N/E,25,6,first
N/E,26,7,first
N/E,36,1,best
N/E,25,5,first
N/E,33,2,best
N/E,34,5,best
N/E,27,4,first
N/E,14,20,first
N/E,32,11,first
N/E,28,4,first
N/E,23,13,first
N/E,18,17,first
N/E,31,3,first
N/E,39,6,best
N/E,32,12,best
N/E,36,5,best
N/E,40,11,best
N/E,31,11,first
N/E,15,19,first
N/E,31,12,best
N/E,25,1,first
N/E,34,2,best
N/E,31,15,best
N/E,38,11,best
N/E,9,24,best
N/E,29,16,first
N/E,13,17,best
N/E,25,15,first
N/E,27,9,first
N/E,37,5,best
N/E,39,9,best
N/E,14,21,best
N/E,31,8,best
N/E,10,21,first
51949,16,21,best
N/E,10,24,best
N/E,28,9,first
N/E,31,14,first
N/E,40,6,best
N/E,10,23,best
N/E,32,3,first
N/E,24,13,first
N/E,11,22,best
N/E,32,14,first
N/E,34,7,best
N/E,4,27,best
N/E,6,24,first
N/E,23,19,best
47429,22,12,first
N/E,36,7,best
N/E,26,15,first
N/E,32,8,best
N/E,7,25,best
N/E,15,21,best
N/E,23,17,best
38185,3,29,best
N/E,33,14,first
N/E,40,4,best
30877,36,12,best
N/E,21,8,first
N/E,32,15,best
N/E,9,22,first
N/E,19,20,best
N/E,38,7,best
N/E,16,19,first
N/E,19,18,first
N/E,4,25,first
N/E,37,1,best
N/E,38,16,best
N/E,34,10,first
N/E,24,17,best
N/E,7,23,first
N/E,33,11,first
N/E,28,5,first
N/E,37,7,best
N/E,13,22,best
N/E,37,9,best
N/E,35,2,best
N/E,37,16,best
N/E,25,13,first
N/E,33,15,best
N/E,33,8,best
N/E,22,18,best
N/E,6,23,first
N/E,33,3,first
N/E,30,4,first
N/E,31,16,first
40982,27,17,best
N/E,31,4,first
N/E,40,7,best
N/E,25,2,first
N/E,34,12,best
N/E,33,12,best
N/E,29,1,first
N/E,28,1,first
N/E,34,14,first
N/E,26,5,first
N/E,30,16,first
N/E,5,25,first
N/E,30,1,first
N/E,39,7,best
N/E,23,12,first
N/E,18,20,best
N/E,11,23,best
N/E,34,11,first
N/E,36,2,best
N/E,7,24,first
N/E,27,5,first
N/E,24,12,first
N/E,35,3,first
N/E,39,1,best
N/E,37,2,best
N/E,26,2,first
N/E,27,1,first
N/E,35,14,first
N/E,24,19,best
N/E,17,21,best
N/E,26,1,first
N/E,27,7,first
N/E,34,3,first
N/E,20,20,best
N/E,31,1,first
N/E,8,23,first
N/E,25,17,best
N/E,34,13,best
N/E,11,21,first
N/E,32,4,first
N/E,24,18,best
N/E,27,2,first
N/E,37,3,first
N/E,29,9,first
N/E,40,1,best
N/E,30,5,first
N/E,22,8,first
N/E,39,5,best
N/E,38,2,best
N/E,33,4,first
N/E,32,1,first
N/E,28,7,first
N/E,26,12,first
N/E,36,14,first
N/E,38,5,best
N/E,35,4,first
N/E,25,18,best
N/E,34,16,first
N/E,39,2,best
N/E,18,21,best
N/E,18,19,first
N/E,23,18,best
N/E,38,3,first
N/E,25,12,first
N/E,14,22,best
N/E,40,16,best
N/E,29,2,first
N/E,29,6,first
N/E,25,8,first
N/E,11,24,best
N/E,27,12,first
N/E,21,20,best
N/E,29,7,first
N/E,28,2,first
N/E,34,4,first
N/E,31,9,first
N/E,32,16,first
N/E,36,11,first
N/E,37,14,first
N/E,29,5,first
N/E,19,21,best
N/E,34,8,best
N/E,1,30,best
N/E,2,29,best
N/E,23,8,first
N/E,3,28,best
N/E,39,14,first
42844,30,19,best
N/E,39,3,first
N/E,35,11,first
13082,40,12,best
N/E,8,25,best
N/E,40,2,best
N/E,28,15,first
N/E,31,6,first
N/E,35,13,best
N/E,31,5,first
N/E,38,1,best
N/E,30,9,first
N/E,38,10,first
34219,11,27,best
N/E,7,26,best
N/E,37,13,best
N/E,29,13,first
N/E,35,15,best
N/E,27,15,first
N/E,36,13,best
N/E,27,19,best
N/E,15,22,best
N/E,26,13,first
N/E,33,9,first
N/E,36,4,first
N/E,28,12,first
N/E,40,13,best
N/E,32,9,first
N/E,32,6,first
N/E,39,13,best
N/E,35,12,best
N/E,36,3,first
N/E,4,26,first
N/E,37,11,first
N/E,25,19,best
N/E,33,1,first
N/E,37,10,first
N/E,8,26,best
N/E,30,7,first
N/E,15,20,first
N/E,18,18,first
N/E,38,13,best
N/E,16,20,first
N/E,17,18,first
N/E,26,18,best
N/E,26,17,best
N/E,34,9,first
N/E,27,13,first
N/E,29,19,best
N/E,31,13,first
N/E,40,3,first
N/E,12,24,best
N/E,28,19,best
N/E,40,5,best
N/E,12,21,first
N/E,34,1,first
N/E,1,29,first
N/E,12,23,best
N/E,32,7,first
N/E,20,19,first
N/E,20,17,first
N/E,24,2,first
N/E,8,24,first
N/E,6,27,best
N/E,40,10,first
N/E,26,8,first
N/E,27,8,first
N/E,1,31,best
N/E,19,19,first
N/E,39,10,first
N/E,22,20,best
N/E,31,7,first
N/E,34,15,best
N/E,24,8,first
N/E,30,13,first
N/E,30,2,first
N/E,13,23,best
N/E,36,15,best
20962,13,27,best
N/E,4,28,best
N/E,10,25,best
N/E,27,18,best
N/E,35,16,first
N/E,20,21,best
N/E,5,29,best
N/E,26,19,best
N/E,28,16,best
N/E,4,29,best
N/E,32,5,first
N/E,16,22,best
N/E,14,23,best
N/E,18,22,best
N/E,33,7,first
N/E,2,28,first
N/E,13,24,best
N/E,6,26,first
23360,4,30,best
N/E,38,14,first
N/E,22,17,first
N/E,33,5,first
N/E,11,25,best
N/E,10,22,first
N/E,10,26,best
N/E,9,25,best
N/E,37,12,best
N/E,21,21,best
N/E,36,8,best
N/E,35,6,first
N/E,34,6,first
N/E,7,27,best
47706,16,23,best
N/E,35,1,first
N/E,6,28,best
N/E,37,4,first
N/E,17,22,best
N/E,24,20,best
N/E,3,27,first
N/E,31,2,first
N/E,35,9,first
N/E,36,16,first
N/E,2,30,best
N/E,21,19,first
N/E,5,28,best
N/E,20,18,first
N/E,26,16,best
N/E,37,6,first
N/E,22,19,first
N/E,38,15,best
N/E,13,21,first
N/E,12,22,first
N/E,29,15,first
N/E,9,23,first
N/E,30,8,first
N/E,25,20,best
38691,22,23,best
N/E,30,15,first
N/E,39,15,best
N/E,15,23,best
N/E,23,20,best
N/E,31,19,best
N/E,28,17,best
N/E,9,26,first
N/E,29,12,first
N/E,32,2,first
N/E,35,8,best
N/E,1,32,best
N/E,36,1,first
N/E,37,8,best
N/E,38,4,first
N/E,33,13,first
N/E,34,5,first
N/E,14,24,best
N/E,26,20,best
N/E,12,26,best
N/E,39,6,first
N/E,22,21,best
N/E,36,5,first
N/E,36,6,first
N/E,32,13,first
N/E,17,20,first
N/E,32,19,best
N/E,15,24,best
N/E,31,12,first
N/E,29,8,first
N/E,33,2,first
N/E,9,24,first
N/E,13,17,first
N/E,6,25,first
N/E,29,17,best
N/E,39,4,first
N/E,13,26,best
N/E,28,20,best
N/E,6,29,best
N/E,31,15,first
N/E,33,19,best
N/E,31,17,best
N/E,36,9,first
N/E,9,27,best
N/E,8,27,best
N/E,14,21,first
N/E,30,18,best
N/E,38,11,first
N/E,10,27,best
N/E,28,18,best
N/E,37,5,first
N/E,39,9,first
N/E,3,30,best
N/E,40,15,best
N/E,40,6,first
N/E,30,17,best
N/E,31,8,first
N/E,11,22,first
N/E,16,24,best
N/E,14,26,best
N/E,31,18,best
N/E,16,21,first
N/E,19,22,best
N/E,10,24,first
N/E,29,20,best
N/E,21,18,first
N/E,2,31,best
N/E,32,12,first
N/E,10,23,first
N/E,40,11,first
N/E,34,7,first
N/E,32,8,first
N/E,38,12,best
N/E,34,2,first
N/E,7,28,best
N/E,11,26,best
N/E,39,12,best
N/E,30,12,first
N/E,23,17,first
N/E,21,17,first
N/E,24,21,best
N/E,15,21,first
N/E,23,19,first
N/E,18,24,best
N/E,36,12,first
N/E,17,24,best
N/E,4,27,first
N/E,2,32,best
N/E,19,20,first
N/E,23,21,best
N/E,38,9,first
N/E,3,31,best
N/E,7,25,first
N/E,30,20,best
N/E,35,19,best
N/E,21,22,best
N/E,38,7,first
N/E,3,29,first
N/E,36,7,first
N/E,38,8,best
N/E,1,33,best
N/E,20,22,best
N/E,40,4,first
N/E,38,16,first
N/E,37,1,first
N/E,17,23,best
N/E,32,15,first
N/E,32,18,best
N/E,37,9,first
N/E,37,16,first
N/E,15,26,best
N/E,37,7,first
N/E,13,22,first
N/E,35,2,first
N/E,18,23,best
N/E,24,17,first
N/E,27,17,first
N/E,34,12,first
N/E,21,23,best
N/E,20,23,best
N/E,17,26,best
N/E,15,25,best
N/E,13,25,best
N/E,14,25,best
N/E,4,31,best
N/E,18,20,first
N/E,20,24,best
N/E,39,1,first
N/E,5,31,best
N/E,19,23,best
N/E,17,21,first
N/E,37,2,first
N/E,36,18,best
N/E,36,2,first
N/E,37,18,best
N/E,34,18,best
N/E,35,18,best
N/E,1,34,best
N/E,4,32,best
N/E,34,19,best
N/E,24,19,first
N/E,2,33,best
N/E,5,32,best
N/E,39,7,first
N/E,16,26,best
N/E,24,23,best
N/E,25,21,best
N/E,20,20,first
N/E,3,32,best
N/E,34,13,first
N/E,33,15,first
N/E,6,31,best
N/E,24,18,first
N/E,23,23,best
N/E,22,18,first
N/E,38,5,first
N/E,18,26,best
N/E,40,7,first
N/E,12,27,best
N/E,31,20,best
N/E,6,32,best
N/E,23,18,first
N/E,11,23,first
N/E,38,19,best
N/E,8,29,best
N/E,37,19,best
N/E,25,18,first
N/E,39,19,best
N/E,40,1,first
N/E,11,24,first
N/E,39,2,first
N/E,33,8,first
N/E,38,2,first
N/E,21,24,best
N/E,33,17,best
N/E,12,25,best
N/E,26,21,best
N/E,18,21,first
N/E,21,20,first
N/E,33,12,first
N/E,25,17,first
N/E,40,16,first
N/E,24,22,best
N/E,22,24,best
N/E,19,24,best
N/E,39,8,best
N/E,8,28,best
N/E,33,18,best
N/E,7,31,best
N/E,19,21,first
N/E,23,22,best
N/E,25,22,best
N/E,6,30,best
N/E,19,26,best
N/E,16,25,best
N/E,8,31,best
N/E,27,22,best
N/E,26,22,best
N/E,3,28,first
N/E,7,30,best
N/E,8,25,first
N/E,22,22,best
N/E,34,8,first
N/E,40,2,first
N/E,7,29,best
N/E,8,30,best
N/E,9,28,best
N/E,40,8,best
N/E,9,30,best
N/E,39,5,first
N/E,2,29,first
N/E,5,27,first
N/E,35,15,first
N/E,11,27,first
N/E,1,30,first
N/E,40,14,best
N/E,14,27,best
N/E,5,30,best
N/E,14,22,first
N/E,17,25,best
N/E,30,22,best
N/E,1,35,best
N/E,18,25,best
N/E,40,19,best
N/E,35,13,first
N/E,33,6,best
N/E,20,26,best
N/E,38,1,first
N/E,35,12,first
N/E,39,13,first
N/E,9,31,best
N/E,36,13,first
N/E,30,19,first
N/E,37,13,first
N/E,25,19,first
N/E,35,20,best
N/E,15,27,best
N/E,32,20,best
N/E,10,30,best
N/E,7,26,first
N/E,21,26,best
N/E,28,21,best
N/E,40,12,first
N/E,39,18,best
N/E,28,19,first
N/E,29,22,best
N/E,28,22,best
N/E,10,29,best
N/E,2,35,best
N/E,27,19,first
N/E,34,20,best
N/E,40,18,best
N/E,6,27,first
N/E,27,21,best
N/E,8,26,first
N/E,38,13,first
N/E,12,23,first
N/E,12,29,best
N/E,1,31,first
N/E,34,17,best
N/E,12,24,first
N/E,11,28,best
N/E,40,5,first
N/E,3,33,best
N/E,26,18,first
N/E,29,21,best
39031,3,30,first
N/E,31,22,best
N/E,11,30,best
N/E,26,23,best
N/E,19,25,best
N/E,26,17,first
N/E,36,15,first
N/E,40,13,first
N/E,4,33,best
N/E,22,20,first
N/E,23,24,best
N/E,28,13,best
N/E,15,22,first
N/E,28,8,best
N/E,4,28,first
N/E,1,39,best
N/E,11,29,best
N/E,1,36,best
N/E,9,29,best
N/E,35,17,best
N/E,20,21,first
N/E,23,26,best
N/E,28,16,first
N/E,12,28,best
N/E,10,28,best
N/E,18,22,first
N/E,36,17,best
N/E,2,34,best
N/E,33,20,best
N/E,10,26,first
N/E,32,22,best
N/E,9,25,first
N/E,39,17,best
N/E,36,8,first
14031,20,30,best
N/E,16,23,first
N/E,1,37,best
N/E,33,22,best
N/E,37,17,best
N/E,21,21,first
N/E,34,15,first
N/E,7,32,best
N/E,4,30,first
N/E,2,38,best
N/E,24,20,first
N/E,22,26,best
N/E,16,27,best
55764,27,23,best
N/E,29,19,first
N/E,17,22,first
N/E,17,27,best
N/E,6,28,first
N/E,8,32,best
N/E,7,27,first
N/E,38,18,best
N/E,5,28,first
N/E,13,29,best
N/E,38,15,first
35988,17,26,first
N/E,13,27,first
N/E,14,29,best
N/E,36,20,best
N/E,13,24,first
N/E,5,29,first
N/E,34,22,best
N/E,2,37,best
N/E,10,25,first
N/E,18,27,best
N/E,20,25,best
N/E,40,17,best
N/E,16,22,first
N/E,23,20,first
N/E,1,38,best
N/E,26,16,first
N/E,26,19,first
N/E,38,6,best
N/E,2,30,first
N/E,37,12,first
N/E,24,24,best
N/E,22,23,first
N/E,27,18,first
N/E,4,29,first
N/E,3,36,best
N/E,24,26,best
N/E,2,36,best
N/E,30,21,best
N/E,25,26,best
N/E,3,37,best
N/E,25,20,first
N/E,35,22,best
N/E,37,20,best
N/E,3,35,best
N/E,15,23,first
N/E,31,19,first
N/E,37,8,first
N/E,13,23,first
N/E,25,24,best
N/E,14,23,first
N/E,12,31,best
N/E,35,8,first
N/E,26,20,first
N/E,12,26,first
N/E,38,20,best
N/E,35,5,best
N/E,10,31,best
N/E,39,15,first
N/E,15,29,best
N/E,28,17,first
N/E,29,23,best
N/E,21,25,best
N/E,15,24,first
N/E,13,30,best
N/E,4,36,best
N/E,31,17,first
N/E,33,19,first
N/E,1,32,first
N/E,15,30,best
N/E,32,21,best
N/E,30,18,first
N/E,38,17,best
N/E,32,19,first
N/E,40,15,first
N/E,1,40,best
N/E,10,27,first
N/E,30,17,first
N/E,19,27,best
N/E,22,21,first
N/E,28,20,first
N/E,13,28,best
N/E,26,26,best
N/E,40,9,best
N/E,39,11,best
N/E,14,24,first
32890,23,27,best
N/E,8,27,first
N/E,26,24,best
N/E,14,26,first
N/E,31,18,first
N/E,34,21,best
N/E,28,18,first
N/E,6,29,first
N/E,28,23,best
N/E,9,27,first
N/E,12,30,best
N/E,29,17,first
N/E,14,30,best
N/E,6,37,best
N/E,2,39,best
N/E,16,24,first
N/E,27,26,best
47960,1,34,first
N/E,11,25,first
N/E,29,24,best
N/E,13,31,best
N/E,11,26,first
N/E,14,28,best
N/E,13,26,first
N/E,18,24,first
N/E,19,22,first
N/E,35,7,best
51278,4,31,first
N/E,4,37,best
N/E,20,27,best
N/E,28,24,best
N/E,27,24,best
N/E,7,37,best
45701,6,32,first
55683,2,40,best
38950,8,30,first
N/E,23,25,best
N/E,3,38,best
N/E,3,31,first
N/E,7,28,first
N/E,15,28,best
N/E,2,32,first
N/E,35,19,first
N/E,22,25,best
N/E,30,20,first
N/E,31,23,best
N/E,5,33,best
N/E,31,21,best
N/E,38,8,first
N/E,24,25,best
N/E,36,22,best
N/E,11,31,best
N/E,9,32,best
N/E,4,38,best
N/E,5,37,best
N/E,23,21,first
N/E,17,23,first
N/E,37,22,best
N/E,38,12,first
N/E,1,33,first
N/E,21,22,first
N/E,39,16,best
N/E,39,12,first
N/E,32,18,first
N/E,17,24,first
N/E,40,20,best
N/E,29,20,first
N/E,2,31,first
N/E,20,22,first
N/E,15,26,first
N/E,30,23,best
N/E,6,36,best
N/E,30,24,best
N/E,35,21,best
N/E,40,22,best
N/E,39,22,best
N/E,14,31,best
N/E,13,25,first
N/E,4,34,best
N/E,20,23,first
N/E,5,31,first
N/E,5,36,best
N/E,16,28,best
N/E,21,23,first
N/E,34,18,first
N/E,38,22,best
N/E,15,25,first
N/E,10,32,best
N/E,16,29,best
N/E,3,39,best
N/E,5,38,best
N/E,4,32,first
N/E,24,21,first
N/E,5,34,best
N/E,17,29,best
N/E,8,37,best
N/E,4,35,best
N/E,24,23,first
N/E,32,23,best
N/E,14,25,first
N/E,25,21,first
N/E,5,32,first
N/E,11,32,best
N/E,16,26,first
N/E,6,33,best
N/E,2,33,first
N/E,20,24,first
N/E,35,18,first
N/E,31,24,best
N/E,18,23,first
N/E,25,25,best
N/E,32,24,best
N/E,37,18,first
N/E,31,20,first
N/E,37,21,best
N/E,8,36,best
N/E,36,18,first
N/E,16,30,best
N/E,6,31,first
N/E,18,26,first
N/E,3,34,best
N/E,8,29,first
N/E,26,25,best
N/E,33,23,best
N/E,4,39,best
N/E,19,23,first
N/E,6,34,best
N/E,12,32,best
N/E,7,36,best
N/E,13,32,best
N/E,24,22,first
N/E,39,8,first
N/E,39,19,first
N/E,34,24,best
N/E,35,24,best
N/E,8,28,first
N/E,12,27,first
N/E,15,31,best
N/E,38,19,first
N/E,19,24,first
N/E,33,18,first
N/E,21,27,best
N/E,22,27,best
N/E,33,17,first
N/E,33,24,best
N/E,3,32,first
N/E,34,19,first
N/E,12,25,first
N/E,23,22,first
N/E,40,21,best
N/E,22,24,first
N/E,26,21,first
N/E,25,22,first
N/E,16,25,first
N/E,6,38,best
N/E,17,30,best
N/E,5,39,best
N/E,7,31,first
N/E,6,30,first
N/E,8,31,first
N/E,17,28,best
N/E,22,22,first
N/E,19,26,first
N/E,19,30,best
N/E,7,34,best
N/E,18,29,best
N/E,25,27,best
N/E,7,29,first
N/E,27,22,first
N/E,9,36,best
N/E,9,30,first
N/E,40,14,first
N/E,30,22,first
N/E,5,30,first
N/E,5,35,best
N/E,39,21,best
N/E,40,8,first
N/E,7,30,first
N/E,26,22,first
N/E,6,35,best
N/E,33,6,first
N/E,9,28,first
N/E,24,27,best
N/E,28,25,best
N/E,20,26,first
N/E,28,26,best
N/E,21,30,best
N/E,15,27,first
N/E,7,35,best
N/E,22,30,best
N/E,6,39,best
N/E,9,31,first
N/E,10,30,first
N/E,21,24,first
N/E,28,21,first
N/E,32,20,first
N/E,14,27,first
N/E,23,23,first
N/E,27,25,best
N/E,7,33,best
N/E,18,25,first
N/E,19,29,best
N/E,39,18,first
N/E,14,32,best
N/E,29,25,best
N/E,28,22,first
N/E,16,31,best
N/E,29,22,first
N/E,26,27,best
N/E,10,29,first
N/E,2,35,first
N/E,35,20,first
N/E,23,30,best
N/E,10,36,best
N/E,27,21,first
N/E,34,17,first
N/E,40,19,first
N/E,11,30,first
N/E,29,26,best
N/E,25,30,best
N/E,37,24,best
N/E,29,21,first
25545,4,34,first
N/E,37,19,first
N/E,37,15,best
N/E,23,24,first
N/E,12,29,first
N/E,17,31,best
N/E,1,39,first
N/E,9,29,first
N/E,18,28,best
N/E,40,18,first
N/E,28,8,first
N/E,35,23,best
N/E,11,29,first
N/E,31,22,first
N/E,17,25,first
N/E,24,30,best
N/E,19,25,first
N/E,11,28,first
N/E,1,35,first
N/E,33,20,first
N/E,34,20,first
N/E,35,17,first
N/E,36,24,best
N/E,36,17,first
N/E,21,26,first
N/E,1,37,first
N/E,10,28,first
N/E,9,37,best
N/E,2,34,first
N/E,4,33,first
N/E,39,17,first
N/E,32,26,best
N/E,27,27,best
N/E,22,26,first
N/E,20,29,best
N/E,3,33,first
N/E,26,23,first
N/E,23,26,first
N/E,1,36,first
N/E,16,27,first
N/E,37,17,first
N/E,11,37,best
N/E,33,22,first
N/E,12,28,first
N/E,30,25,best
N/E,2,38,first
N/E,32,22,first
N/E,34,23,best
N/E,28,13,first
N/E,31,25,best
N/E,27,23,first
N/E,12,37,best
N/E,30,26,best
N/E,20,30,first
N/E,17,27,first
N/E,28,27,best
N/E,26,30,best
N/E,8,35,best
N/E,29,27,best
N/E,7,32,first
N/E,8,32,first
N/E,38,24,best
N/E,10,37,best
N/E,21,29,best
N/E,19,28,best
N/E,34,22,first
N/E,36,20,first
N/E,30,27,best
N/E,3,40,best
N/E,38,18,first
N/E,32,25,best
N/E,40,17,first
N/E,21,28,best
N/E,7,38,best
N/E,13,29,first
N/E,25,26,first
N/E,2,37,first
N/E,1,38,first
N/E,27,30,best
N/E,37,23,best
N/E,24,26,first
N/E,40,24,best
N/E,11,36,best
N/E,8,34,best
N/E,33,26,best
N/E,31,27,best
N/E,22,29,best
N/E,40,23,best
N/E,9,34,best
N/E,27,20,best
N/E,15,32,best
N/E,12,31,first
N/E,20,28,best
N/E,38,6,first
N/E,3,37,first
N/E,3,35,first
N/E,35,22,first
N/E,38,23,best
N/E,2,36,first
N/E,3,36,first
N/E,18,27,first
N/E,35,5,first
N/E,34,26,best
N/E,32,27,best
N/E,22,28,best
N/E,20,25,first
42428,16,28,first
N/E,38,20,first
N/E,37,20,first
N/E,13,30,first
N/E,13,37,best
N/E,16,32,best
N/E,21,25,first
N/E,4,36,first
N/E,32,21,first
N/E,25,24,first
46795,4,40,best
N/E,38,17,first
N/E,1,40,first
N/E,24,29,best
N/E,15,30,first
N/E,40,9,first
N/E,13,36,best
N/E,26,24,first
N/E,26,26,first
N/E,15,29,first
N/E,13,28,first
N/E,39,23,best
N/E,14,37,best
N/E,24,24,first
N/E,14,30,first
N/E,12,30,first
N/E,11,34,best
N/E,30,21,first
N/E,35,27,best
N/E,40,26,best
N/E,39,26,best
N/E,14,28,first
N/E,34,21,first
N/E,8,38,best
N/E,29,24,first
N/E,13,31,first
N/E,10,34,best
N/E,2,39,first
N/E,6,37,first
N/E,32,17,best
43137,12,38,best
N/E,34,25,best
N/E,35,26,best
N/E,19,31,best
N/E,14,29,first
N/E,27,24,first
N/E,10,31,first
N/E,36,26,best
N/E,17,32,best
N/E,25,29,best
N/E,38,26,best
N/E,35,7,first
N/E,35,25,best
N/E,29,23,first
N/E,27,26,first
N/E,15,28,first
N/E,2,40,first
N/E,4,37,first
N/E,37,26,best
N/E,28,24,first
N/E,37,25,best
N/E,14,36,best
N/E,30,30,best
N/E,18,32,best
N/E,36,25,best
N/E,39,11,first
N/E,33,25,best
N/E,23,28,best
N/E,36,19,best
N/E,19,32,best
N/E,18,31,best
N/E,3,38,first
N/E,28,30,best
N/E,12,36,best
N/E,23,29,best
N/E,29,30,best
N/E,22,25,first
N/E,5,33,first
N/E,4,38,first
N/E,23,25,first
N/E,20,27,first
N/E,11,31,first
N/E,23,27,first
N/E,36,22,first
N/E,28,23,first
N/E,24,25,first
N/E,37,22,first
N/E,12,34,best
N/E,34,27,best
N/E,24,28,best
N/E,19,27,first
N/E,20,31,best
N/E,31,23,first
N/E,7,39,best
N/E,33,27,best
N/E,40,20,first
N/E,30,23,first
N/E,39,16,first
N/E,21,32,best
N/E,30,24,first
N/E,35,21,first
N/E,7,37,first
N/E,20,32,best
N/E,38,25,best
N/E,22,32,best
N/E,11,33,best
N/E,13,34,best
N/E,23,32,best
N/E,9,33,best
N/E,37,27,best
N/E,5,40,best
N/E,5,37,first
N/E,29,18,best
N/E,14,31,first
N/E,39,22,first
N/E,8,33,best
N/E,40,22,first
N/E,24,32,best
N/E,31,21,first
N/E,6,40,best
N/E,5,34,first
N/E,5,38,first
N/E,8,37,first
N/E,9,35,best
N/E,26,29,best
N/E,9,32,first
N/E,21,31,best
N/E,4,35,first
N/E,10,32,first
N/E,40,25,best
N/E,25,32,best
N/E,5,36,first
N/E,39,25,best
N/E,12,33,best
N/E,23,31,best
N/E,31,24,first
N/E,38,22,first
N/E,11,32,first
N/E,36,27,best
N/E,16,29,first
N/E,3,39,first
N/E,37,21,first
N/E,25,25,first
N/E,32,24,first
N/E,31,30,best
N/E,6,36,first
N/E,17,29,first
N/E,13,33,best
N/E,10,38,best
N/E,9,38,best
N/E,15,36,best
N/E,16,30,first
N/E,22,31,best
N/E,27,29,best
N/E,24,31,best
N/E,8,36,first
N/E,25,23,best
N/E,7,40,best
N/E,33,23,first
N/E,14,33,best
N/E,8,39,best
N/E,32,30,best
N/E,13,32,first
N/E,6,34,first
N/E,11,38,best
N/E,3,34,first
N/E,15,31,first
N/E,21,27,first
N/E,22,27,first
N/E,27,28,best
N/E,16,36,best
N/E,25,28,best
N/E,26,32,best
N/E,15,37,best
N/E,26,28,best
N/E,7,36,first
N/E,28,28,best
N/E,26,31,best
N/E,14,34,best
N/E,17,36,best
N/E,6,33,first
N/E,4,39,first
29645,23,36,best
N/E,38,27,best
N/E,32,23,first
N/E,40,27,best
N/E,12,32,first
N/E,17,30,first
N/E,34,24,first
N/E,6,38,first
N/E,39,27,best
N/E,34,30,best
N/E,17,28,first
N/E,5,39,first
N/E,35,30,best
N/E,16,37,best
N/E,10,35,best
N/E,33,30,best
N/E,8,40,best
N/E,18,29,first
N/E,27,32,best
N/E,9,36,first
N/E,29,29,best
N/E,7,34,first
N/E,35,24,first
N/E,36,30,best
N/E,37,30,best
N/E,33,24,first
N/E,28,29,best
N/E,26,25,first
N/E,30,31,best
N/E,40,21,first
N/E,6,35,first
N/E,18,37,best
N/E,18,30,first
N/E,25,31,best
N/E,39,21,first
N/E,27,31,best
N/E,29,28,best
N/E,38,30,best
N/E,24,27,first
N/E,5,35,first
N/E,9,39,best
N/E,39,30,best
N/E,9,40,best
N/E,28,25,first
N/E,28,26,first
N/E,21,30,first
N/E,10,39,best
N/E,30,28,best
N/E,7,33,first
N/E,11,35,best
N/E,6,39,first
N/E,13,38,best
N/E,27,25,first
N/E,17,37,best
N/E,30,32,best
N/E,16,31,first
N/E,29,32,best
N/E,29,31,best
N/E,11,39,best
N/E,30,29,best
N/E,25,27,first
N/E,15,33,best
N/E,14,32,first
N/E,28,32,best
N/E,40,30,best
N/E,22,30,first
N/E,19,37,best
N/E,28,31,best
N/E,19,30,first
N/E,10,36,first
1578,11,39,first
N/E,16,33,best
N/E,29,25,first
N/E,10,33,best
N/E,31,31,best
N/E,17,38,best
N/E,19,29,first
N/E,12,35,best
N/E,10,40,best
N/E,7,35,first
N/E,14,38,best
N/E,15,34,best
N/E,37,24,first
N/E,31,32,best
N/E,17,31,first
N/E,23,30,first
N/E,33,32,best
N/E,29,26,first
N/E,34,32,best
N/E,15,38,best
N/E,36,32,best
N/E,35,23,first
N/E,31,29,best
N/E,12,39,best
927,31,32,first
N/E,32,29,best
N/E,18,28,first
N/E,16,38,best
N/E,35,32,best
N/E,19,36,best
N/E,17,33,best
N/E,37,32,best
N/E,32,32,best
N/E,18,36,best
N/E,20,36,best
N/E,31,28,best
N/E,34,29,best
N/E,13,35,best
N/E,36,24,first
N/E,9,37,first
N/E,11,40,best
N/E,16,34,best
N/E,34,28,best
N/E,14,39,best
N/E,36,23,first
N/E,14,35,best
N/E,13,39,best
N/E,24,30,first
N/E,27,27,first
N/E,18,33,best
N/E,25,30,first
N/E,16,39,best
N/E,26,27,first
N/E,38,32,best
N/E,13,40,best
N/E,12,40,best
34385,20,39,best
50853,20,28,first
N/E,37,15,first
N/E,19,33,best
N/E,31,25,first
N/E,32,28,best
N/E,35,29,best
N/E,34,23,first
N/E,12,37,first
N/E,36,29,best
N/E,37,28,best
N/E,21,33,best
N/E,18,38,best
N/E,15,39,best
N/E,11,37,first
N/E,15,35,best
N/E,30,26,first
N/E,21,29,first
N/E,20,33,best
N/E,17,34,best
N/E,40,32,best
N/E,28,27,first
N/E,8,35,first
N/E,10,37,first
N/E,38,24,first
N/E,33,28,best
N/E,26,30,first
N/E,29,27,first
N/E,22,33,best
N/E,39,32,best
N/E,19,28,first
44257,37,25,first
N/E,21,36,best
N/E,33,29,best
N/E,32,25,first
51895,18,40,best
N/E,35,28,best
N/E,23,33,best
N/E,36,28,best
N/E,24,33,best
N/E,11,36,first
N/E,37,29,best
N/E,37,23,first
N/E,20,37,best
N/E,31,27,first
N/E,21,28,first
N/E,32,26,first
N/E,7,38,first
N/E,15,32,first
N/E,25,33,best
N/E,20,29,first
N/E,8,34,first
N/E,3,40,first
N/E,30,25,first
N/E,16,35,best
N/E,32,27,first
N/E,23,37,best
N/E,38,29,best
N/E,38,28,best
N/E,13,37,first
N/E,16,32,first
N/E,25,36,best
N/E,39,20,best
N/E,22,37,best
N/E,33,26,first
N/E,40,24,first
N/E,27,30,first
N/E,40,23,first
N/E,33,21,best
N/E,18,35,best
N/E,21,37,best
N/E,30,27,first
N/E,22,28,first
N/E,19,35,best
N/E,39,29,best
N/E,39,28,best
N/E,16,40,best
N/E,32,31,best
N/E,17,40,best
N/E,33,31,best
N/E,20,38,best
N/E,21,38,best
N/E,40,29,best
N/E,26,33,best
N/E,38,23,first
N/E,28,36,best
N/E,17,35,best
N/E,22,36,best
N/E,21,35,best
N/E,9,34,first
N/E,22,29,first
N/E,39,26,first
N/E,27,20,first
N/E,34,31,best
N/E,11,34,first
N/E,4,40,first
N/E,8,38,first
N/E,34,26,first
N/E,40,26,first
N/E,22,38,best
N/E,40,28,best
N/E,17,39,best
N/E,24,29,first
N/E,14,40,best
N/E,39,23,first
N/E,26,36,best
N/E,15,40,best
N/E,34,25,first
N/E,25,29,first
N/E,36,26,first
N/E,18,39,best
N/E,26,37,best
N/E,37,31,best
N/E,20,40,best
N/E,12,38,first
N/E,18,34,best
N/E,21,40,best
N/E,32,17,first
N/E,23,28,first
N/E,20,35,best
N/E,18,32,first
N/E,14,36,first
N/E,33,25,first
N/E,36,19,first
N/E,29,30,first
N/E,35,26,first
N/E,10,34,first
32118,33,39,best
N/E,28,37,best
N/E,27,33,best
N/E,23,29,first
N/E,31,36,best
N/E,24,36,best
N/E,22,40,best
N/E,19,39,best
N/E,12,36,first
N/E,38,31,best
N/E,24,38,best
N/E,20,31,first
N/E,12,34,first
N/E,36,31,best
N/E,38,26,first
N/E,19,31,first
N/E,21,39,best
N/E,7,39,first
N/E,18,31,first
N/E,36,25,first
N/E,36,21,best
N/E,19,32,first
N/E,19,40,best
N/E,35,25,first
N/E,14,37,first
N/E,26,35,best
N/E,33,27,first
N/E,19,38,best
N/E,40,31,best
N/E,27,37,best
N/E,17,32,first
N/E,20,32,first
N/E,13,36,first
N/E,33,36,best
19789,37,29,first
N/E,21,32,first
N/E,29,36,best
N/E,11,33,first
N/E,24,35,best
N/E,22,32,first
N/E,37,26,first
N/E,23,35,best
N/E,37,27,first
N/E,25,38,best
N/E,13,34,first
N/E,38,25,first
N/E,23,38,best
N/E,35,27,first
N/E,5,40,first
N/E,30,37,best
N/E,23,40,best
N/E,31,37,best
N/E,22,35,best
N/E,8,33,first
N/E,30,30,first
N/E,24,28,first
N/E,28,35,best
N/E,35,31,best
N/E,24,37,best
N/E,24,40,best
N/E,28,30,first
N/E,29,37,best
N/E,22,39,best
N/E,34,27,first
N/E,23,32,first
N/E,27,35,best
N/E,25,37,best
N/E,30,36,best
N/E,25,35,best
N/E,32,36,best
N/E,27,36,best
N/E,39,31,best
N/E,29,33,best
N/E,26,29,first
24780,36,28,first
N/E,9,33,first
N/E,21,31,first
N/E,28,33,best
N/E,6,40,first
N/E,29,35,best
N/E,23,39,best
N/E,23,31,first
N/E,33,37,best
N/E,40,25,first
N/E,27,38,best
N/E,19,34,best
N/E,30,33,best
N/E,25,32,first
N/E,24,39,best
N/E,20,34,best
N/E,25,40,best
N/E,35,37,best
N/E,35,36,best
8896,21,39,first
N/E,34,36,best
N/E,13,33,first
57239,38,37,best
N/E,9,38,first
N/E,15,36,first
N/E,9,35,first
N/E,36,37,best
N/E,24,31,first
N/E,25,23,first
N/E,26,40,best
N/E,38,21,best
N/E,27,40,best
N/E,27,29,first
N/E,12,33,first
N/E,22,31,first
N/E,7,40,first
N/E,21,34,best
N/E,36,36,best
N/E,32,37,best
N/E,14,33,first
25227,19,35,first
N/E,32,30,first
N/E,26,31,first
N/E,8,39,first
N/E,27,28,first
N/E,37,37,best
N/E,29,18,first
N/E,37,36,best
N/E,17,36,first
N/E,26,28,first
N/E,30,35,best
N/E,25,39,best
N/E,15,37,first
N/E,11,38,first
N/E,22,34,best
N/E,39,37,best
N/E,26,32,first
N/E,29,40,best
N/E,28,38,best
N/E,39,25,first
N/E,25,28,first
N/E,27,39,best
N/E,34,37,best
N/E,32,33,best
N/E,26,39,best
N/E,38,36,best
24265,15,40,first
N/E,38,27,first
N/E,40,27,first
N/E,8,40,first
N/E,30,38,best
N/E,23,34,best
N/E,34,30,first
N/E,31,33,best
4804,22,34,first
N/E,24,34,best
N/E,31,35,best
N/E,31,30,first
N/E,10,35,first
N/E,40,37,best
N/E,29,38,best
N/E,28,39,best
N/E,37,30,first
N/E,33,33,best
6239,39,37,first
N/E,26,34,best
N/E,24,32,first
N/E,33,35,best
N/E,14,34,first
N/E,27,34,best
N/E,18,37,first
55714,29,31,first
N/E,40,36,best
N/E,39,36,best
N/E,34,33,best
N/E,38,30,first
N/E,29,28,first
N/E,29,29,first
N/E,27,31,first
N/E,27,32,first
N/E,32,38,best
N/E,30,31,first
N/E,35,30,first
N/E,28,28,first
N/E,25,31,first
N/E,9,39,first
N/E,30,39,best
N/E,39,30,first
N/E,36,35,best
N/E,26,38,best
N/E,29,39,best
N/E,39,27,first
N/E,36,27,first
N/E,32,35,best
N/E,31,38,best
N/E,34,35,best
N/E,31,39,best
N/E,23,36,first
N/E,35,35,best
N/E,28,40,best
N/E,16,37,first
N/E,33,30,first
N/E,11,35,first
N/E,35,33,best
N/E,32,39,best
N/E,9,40,first
N/E,30,28,first
N/E,36,30,first
N/E,29,32,first
N/E,28,32,first
N/E,30,29,first
N/E,40,30,first
N/E,15,33,first
N/E,17,37,first
N/E,33,38,best
N/E,36,33,best
N/E,28,34,best
N/E,19,37,first
N/E,25,34,best
N/E,31,34,best
N/E,16,36,first
N/E,10,38,first
N/E,16,33,first
N/E,38,35,best
49363,40,39,best
N/E,39,35,best
N/E,34,32,first
N/E,30,32,first
N/E,38,33,best
N/E,15,34,first
N/E,31,29,first
N/E,37,35,best
N/E,32,29,first
N/E,37,33,best
N/E,28,29,first
N/E,10,33,first
N/E,32,34,best
N/E,35,39,best
N/E,36,32,first
N/E,33,32,first
N/E,29,34,best
N/E,12,35,first
N/E,18,36,first
N/E,32,32,first
N/E,20,36,first
N/E,13,38,first
N/E,39,33,best
47857,16,35,first
N/E,11,40,first
N/E,13,35,first
N/E,40,33,best
N/E,40,35,best
N/E,14,39,first
N/E,34,29,first
N/E,18,33,first
N/E,36,39,best
N/E,34,28,first
N/E,17,38,first
N/E,17,33,first
N/E,16,38,first
N/E,34,39,best
N/E,33,34,best
N/E,28,31,first
N/E,30,40,best
N/E,16,34,first
54348,35,29,first
N/E,38,32,first
N/E,31,28,first
N/E,16,39,first
N/E,32,40,best
N/E,10,39,first
N/E,38,39,best
N/E,37,39,best
N/E,19,36,first
N/E,12,40,first
N/E,14,38,first
N/E,14,35,first
N/E,12,39,first
N/E,31,31,first
N/E,13,39,first
N/E,38,38,best
N/E,34,34,best
N/E,37,38,best
N/E,15,38,first
N/E,10,40,first
N/E,35,32,first
N/E,13,40,first
N/E,31,40,best
57871,20,33,first
N/E,34,38,best
N/E,39,39,best
N/E,37,28,first
N/E,15,39,first
N/E,35,38,best
N/E,37,32,first
N/E,30,34,best
N/E,36,29,first
N/E,31,26,best
8493,29,34,first
N/E,35,40,best
N/E,35,34,best
N/E,20,39,first
N/E,18,38,first
N/E,39,38,best
N/E,36,34,best
N/E,32,28,first
N/E,39,24,best
N/E,22,33,first
N/E,33,28,first
N/E,36,40,best
N/E,36,38,best
N/E,15,35,first
N/E,19,33,first
N/E,37,34,best
N/E,40,38,best
N/E,39,32,first
N/E,33,29,first
N/E,23,33,first
N/E,40,32,first
N/E,34,40,best
N/E,18,40,first
N/E,37,40,best
N/E,21,33,first
N/E,24,33,first
N/E,20,37,first
N/E,40,40,best
N/E,39,40,best
N/E,35,28,first
N/E,40,34,best
53668,40,29,first
N/E,38,29,first
21244,35,35,first
N/E,38,28,first
N/E,38,40,best
N/E,23,37,first
N/E,25,33,first
N/E,25,36,first
N/E,18,35,first
N/E,33,21,first
N/E,17,34,first
N/E,39,28,first
N/E,21,36,first
N/E,39,34,best
N/E,39,29,first
N/E,39,20,first
N/E,38,34,best
N/E,33,40,best
N/E,21,37,first
N/E,16,40,first
N/E,32,31,first
N/E,17,40,first
N/E,20,38,first
N/E,22,37,first
N/E,26,33,first
N/E,28,36,first
N/E,33,31,first
N/E,21,38,first
36537,27,39,first
N/E,21,35,first
N/E,40,28,first
N/E,34,31,first
N/E,22,36,first
N/E,14,40,first
35424,31,35,first
25760,37,33,first
47320,24,39,first
N/E,22,38,first
N/E,17,39,first
N/E,26,36,first
N/E,17,35,first
37075,24,34,first
N/E,26,37,first
N/E,37,31,first
N/E,21,40,first
N/E,18,34,first
N/E,20,35,first
N/E,20,40,first
35818,33,35,first
59901,27,33,first
N/E,28,37,first
N/E,31,36,first
N/E,24,36,first
N/E,22,40,first
N/E,33,39,first
N/E,24,38,first
N/E,18,39,first
N/E,38,31,first
N/E,19,39,first
N/E,36,31,first
N/E,36,21,first
N/E,40,31,first
N/E,27,37,first
N/E,33,36,first
N/E,24,35,first
N/E,23,35,first
N/E,25,38,first
N/E,29,36,first
22770,40,38,first
N/E,30,37,first
N/E,23,40,first
N/E,19,38,first
N/E,31,37,first
N/E,23,38,first
N/E,22,35,first
N/E,26,35,first
N/E,28,35,first
N/E,22,39,first
N/E,25,37,first
N/E,25,35,first
N/E,24,37,first
N/E,27,35,first
N/E,24,40,first
N/E,27,36,first
N/E,32,36,first
N/E,19,40,first
N/E,29,37,first
N/E,35,31,first
N/E,29,33,first
N/E,39,31,first
N/E,30,36,first
42212,32,39,first
N/E,28,33,first
N/E,29,35,first
N/E,23,39,first
N/E,33,37,first
N/E,27,38,first
N/E,30,33,first
N/E,20,34,first
N/E,25,40,first
N/E,19,34,first
N/E,35,37,first
58507,27,40,first
52715,38,36,first
N/E,34,36,first
N/E,35,36,first
N/E,36,37,first
N/E,38,37,first
N/E,38,21,first
N/E,26,40,first
N/E,32,37,first
N/E,36,36,first
N/E,21,34,first
N/E,37,36,first
N/E,37,37,first
N/E,25,39,first
28382,38,40,first
N/E,30,35,first
N/E,29,40,first
N/E,34,37,first
N/E,28,38,first
41327,38,39,first
N/E,26,39,first
N/E,32,33,first
N/E,30,38,first
N/E,23,34,first
N/E,31,33,first
N/E,40,37,first
N/E,29,38,first
N/E,28,39,first
N/E,26,34,first
N/E,33,33,first
58854,32,38,first
N/E,27,34,first
N/E,39,36,first
N/E,34,33,first
N/E,40,36,first
43330,39,38,first
N/E,30,39,first
49714,34,39,first
N/E,36,35,first
N/E,32,35,first
N/E,34,35,first
N/E,31,38,first
N/E,26,38,first
N/E,29,39,first
54914,38,33,first
N/E,31,39,first
N/E,28,40,first
55828,39,35,first
N/E,35,33,first
51569,30,40,first
57935,37,35,first
N/E,28,34,first
N/E,33,38,first
N/E,36,33,first
N/E,25,34,first
N/E,31,34,first
54696,40,35,first
N/E,38,35,first
N/E,40,39,first
55279,33,34,first
N/E,32,34,first
N/E,35,39,first
53693,31,40,first
N/E,39,33,first
50659,37,40,first
N/E,40,33,first
N/E,36,39,first
55159,35,40,first
N/E,32,40,first
N/E,37,39,first
N/E,38,38,first
N/E,34,34,first
N/E,37,38,first
N/E,34,38,first
N/E,39,39,first
N/E,35,38,first
N/E,30,34,first
N/E,31,26,first
55456,40,34,first
N/E,35,34,first
N/E,36,34,first
N/E,39,24,first
N/E,36,40,first
N/E,36,38,first
N/E,37,34,first
53183,33,40,first
N/E,34,40,first
N/E,40,40,first
N/E,39,40,first
55512,39,34,first
N/E,38,34,first
